[
    {
        "Id": 3,
        "Code": "AF",
        "Name": "Afghanistan"
    },
    {
        "Id": 16,
        "Code": "AX",
        "Name": "Aland"
    },
    {
        "Id": 6,
        "Code": "AL",
        "Name": "Albania"
    },
    {
        "Id": 60,
        "Code": "DZ",
        "Name": "Algeria"
    },
    {
        "Id": 12,
        "Code": "AS",
        "Name": "American Samoa"
    },
    {
        "Id": 1,
        "Code": "AD",
        "Name": "Andorra"
    },
    {
        "Id": 9,
        "Code": "AO",
        "Name": "Angola"
    },
    {
        "Id": 5,
        "Code": "AI",
        "Name": "Anguilla"
    },
    {
        "Id": 10,
        "Code": "AQ",
        "Name": "Antarctica"
    },
    {
        "Id": 4,
        "Code": "AG",
        "Name": "Antigua and Barbuda"
    },
    {
        "Id": 11,
        "Code": "AR",
        "Name": "Argentina"
    },
    {
        "Id": 7,
        "Code": "AM",
        "Name": "Armenia"
    },
    {
        "Id": 15,
        "Code": "AW",
        "Name": "Aruba"
    },
    {
        "Id": 239,
        "Code": "AC",
        "Name": "Ascension Island"
    },
    {
        "Id": 14,
        "Code": "AU",
        "Name": "Australia"
    },
    {
        "Id": 13,
        "Code": "AT",
        "Name": "Austria"
    },
    {
        "Id": 17,
        "Code": "AZ",
        "Name": "Azerbaijan"
    },
    {
        "Id": 31,
        "Code": "BS",
        "Name": "Bahamas"
    },
    {
        "Id": 24,
        "Code": "BH",
        "Name": "Bahrain"
    },
    {
        "Id": 20,
        "Code": "BD",
        "Name": "Bangladesh"
    },
    {
        "Id": 19,
        "Code": "BB",
        "Name": "Barbados"
    },
    {
        "Id": 35,
        "Code": "BY",
        "Name": "Belarus"
    },
    {
        "Id": 21,
        "Code": "BE",
        "Name": "Belgium"
    },
    {
        "Id": 36,
        "Code": "BZ",
        "Name": "Belize"
    },
    {
        "Id": 26,
        "Code": "BJ",
        "Name": "Benin"
    },
    {
        "Id": 27,
        "Code": "BM",
        "Name": "Bermuda"
    },
    {
        "Id": 32,
        "Code": "BT",
        "Name": "Bhutan"
    },
    {
        "Id": 29,
        "Code": "BO",
        "Name": "Bolivia"
    },
    {
        "Id": 18,
        "Code": "BA",
        "Name": "Bosnia and Herzegovina"
    },
    {
        "Id": 34,
        "Code": "BW",
        "Name": "Botswana"
    },
    {
        "Id": 33,
        "Code": "BV",
        "Name": "Bouvet Island"
    },
    {
        "Id": 30,
        "Code": "BR",
        "Name": "Brazil"
    },
    {
        "Id": 102,
        "Code": "IO",
        "Name": "British Indian Ocean Territory"
    },
    {
        "Id": 28,
        "Code": "BN",
        "Name": "Brunei"
    },
    {
        "Id": 23,
        "Code": "BG",
        "Name": "Bulgaria"
    },
    {
        "Id": 22,
        "Code": "BF",
        "Name": "Burkina Faso"
    },
    {
        "Id": 25,
        "Code": "BI",
        "Name": "Burundi"
    },
    {
        "Id": 113,
        "Code": "KH",
        "Name": "Cambodia"
    },
    {
        "Id": 46,
        "Code": "CM",
        "Name": "Cameroon"
    },
    {
        "Id": 37,
        "Code": "CA",
        "Name": "Canada"
    },
    {
        "Id": 51,
        "Code": "CV",
        "Name": "Cape Verde"
    },
    {
        "Id": 240,
        "Code": "BQ",
        "Name": "Caribbean Netherlands"
    },
    {
        "Id": 120,
        "Code": "KY",
        "Name": "Cayman Islands"
    },
    {
        "Id": 40,
        "Code": "CF",
        "Name": "Central African Republic"
    },
    {
        "Id": 205,
        "Code": "TD",
        "Name": "Chad"
    },
    {
        "Id": 45,
        "Code": "CL",
        "Name": "Chile"
    },
    {
        "Id": 47,
        "Code": "CN",
        "Name": "China"
    },
    {
        "Id": 52,
        "Code": "CX",
        "Name": "Christmas Island"
    },
    {
        "Id": 38,
        "Code": "CC",
        "Name": "Cocos (Keeling) Islands"
    },
    {
        "Id": 48,
        "Code": "CO",
        "Name": "Colombia"
    },
    {
        "Id": 115,
        "Code": "KM",
        "Name": "Comoros"
    },
    {
        "Id": 41,
        "Code": "CG",
        "Name": "Congo - Brazzaville"
    },
    {
        "Id": 39,
        "Code": "CD",
        "Name": "Congo - Kinshasa"
    },
    {
        "Id": 44,
        "Code": "CK",
        "Name": "Cook Islands"
    },
    {
        "Id": 49,
        "Code": "CR",
        "Name": "Costa Rica"
    },
    {
        "Id": 94,
        "Code": "HR",
        "Name": "Croatia"
    },
    {
        "Id": 50,
        "Code": "CU",
        "Name": "Cuba"
    },
    {
        "Id": 241,
        "Code": "CW",
        "Name": "Curaçao"
    },
    {
        "Id": 53,
        "Code": "CY",
        "Name": "Cyprus"
    },
    {
        "Id": 54,
        "Code": "CZ",
        "Name": "Czech Republic"
    },
    {
        "Id": 57,
        "Code": "DK",
        "Name": "Denmark"
    },
    {
        "Id": 56,
        "Code": "DJ",
        "Name": "Djibouti"
    },
    {
        "Id": 58,
        "Code": "DM",
        "Name": "Dominica"
    },
    {
        "Id": 59,
        "Code": "DO",
        "Name": "Dominican Republic"
    },
    {
        "Id": 61,
        "Code": "EC",
        "Name": "Ecuador"
    },
    {
        "Id": 63,
        "Code": "EG",
        "Name": "Egypt"
    },
    {
        "Id": 201,
        "Code": "SV",
        "Name": "El Salvador"
    },
    {
        "Id": 85,
        "Code": "GQ",
        "Name": "Equatorial Guinea"
    },
    {
        "Id": 64,
        "Code": "ER",
        "Name": "Eritrea"
    },
    {
        "Id": 62,
        "Code": "EE",
        "Name": "Estonia"
    },
    {
        "Id": 66,
        "Code": "ET",
        "Name": "Ethiopia"
    },
    {
        "Id": 69,
        "Code": "FK",
        "Name": "Falkland Islands (Islas Malvinas)"
    },
    {
        "Id": 71,
        "Code": "FO",
        "Name": "Faroe Islands"
    },
    {
        "Id": 68,
        "Code": "FJ",
        "Name": "Fiji"
    },
    {
        "Id": 67,
        "Code": "FI",
        "Name": "Finland"
    },
    {
        "Id": 72,
        "Code": "FR",
        "Name": "France"
    },
    {
        "Id": 78,
        "Code": "GF",
        "Name": "French Guiana"
    },
    {
        "Id": 169,
        "Code": "PF",
        "Name": "French Polynesia"
    },
    {
        "Id": 242,
        "Code": "TF",
        "Name": "French Southern Territories"
    },
    {
        "Id": 73,
        "Code": "GA",
        "Name": "Gabon"
    },
    {
        "Id": 82,
        "Code": "GM",
        "Name": "Gambia"
    },
    {
        "Id": 76,
        "Code": "GE",
        "Name": "Georgia"
    },
    {
        "Id": 55,
        "Code": "DE",
        "Name": "Germany"
    },
    {
        "Id": 79,
        "Code": "GH",
        "Name": "Ghana"
    },
    {
        "Id": 80,
        "Code": "GI",
        "Name": "Gibraltar"
    },
    {
        "Id": 86,
        "Code": "GR",
        "Name": "Greece"
    },
    {
        "Id": 81,
        "Code": "GL",
        "Name": "Greenland"
    },
    {
        "Id": 75,
        "Code": "GD",
        "Name": "Grenada"
    },
    {
        "Id": 84,
        "Code": "GP",
        "Name": "Guadeloupe"
    },
    {
        "Id": 89,
        "Code": "GU",
        "Name": "Guam"
    },
    {
        "Id": 88,
        "Code": "GT",
        "Name": "Guatemala"
    },
    {
        "Id": 77,
        "Code": "GG",
        "Name": "Guernsey"
    },
    {
        "Id": 83,
        "Code": "GN",
        "Name": "Guinea"
    },
    {
        "Id": 90,
        "Code": "GW",
        "Name": "Guinea-Bissau"
    },
    {
        "Id": 91,
        "Code": "GY",
        "Name": "Guyana"
    },
    {
        "Id": 95,
        "Code": "HT",
        "Name": "Haiti"
    },
    {
        "Id": 244,
        "Code": "HM",
        "Name": "Heard & McDonald Islands"
    },
    {
        "Id": 93,
        "Code": "HN",
        "Name": "Honduras"
    },
    {
        "Id": 92,
        "Code": "HK",
        "Name": "Hong Kong"
    },
    {
        "Id": 96,
        "Code": "HU",
        "Name": "Hungary"
    },
    {
        "Id": 105,
        "Code": "IS",
        "Name": "Iceland"
    },
    {
        "Id": 101,
        "Code": "IN",
        "Name": "India"
    },
    {
        "Id": 97,
        "Code": "ID",
        "Name": "Indonesia"
    },
    {
        "Id": 104,
        "Code": "IR",
        "Name": "Iran"
    },
    {
        "Id": 103,
        "Code": "IQ",
        "Name": "Iraq"
    },
    {
        "Id": 98,
        "Code": "IE",
        "Name": "Ireland"
    },
    {
        "Id": 100,
        "Code": "IM",
        "Name": "Isle of Man"
    },
    {
        "Id": 99,
        "Code": "IL",
        "Name": "Israel"
    },
    {
        "Id": 106,
        "Code": "IT",
        "Name": "Italy"
    },
    {
        "Id": 43,
        "Code": "CI",
        "Name": "Ivory Coast"
    },
    {
        "Id": 108,
        "Code": "JM",
        "Name": "Jamaica"
    },
    {
        "Id": 110,
        "Code": "JP",
        "Name": "Japan"
    },
    {
        "Id": 107,
        "Code": "JE",
        "Name": "Jersey"
    },
    {
        "Id": 109,
        "Code": "JO",
        "Name": "Jordan"
    },
    {
        "Id": 121,
        "Code": "KZ",
        "Name": "Kazakhstan"
    },
    {
        "Id": 111,
        "Code": "KE",
        "Name": "Kenya"
    },
    {
        "Id": 114,
        "Code": "KI",
        "Name": "Kiribati"
    },
    {
        "Id": 117,
        "Code": "KP",
        "Name": "Korea (Democratic People's Republic of)"
    },
    {
        "Id": 118,
        "Code": "KR",
        "Name": "Korea (Republic of)"
    },
    {
        "Id": 232,
        "Code": "XK",
        "Name": "Kosovo"
    },
    {
        "Id": 119,
        "Code": "KW",
        "Name": "Kuwait"
    },
    {
        "Id": 112,
        "Code": "KG",
        "Name": "Kyrgyzstan"
    },
    {
        "Id": 245,
        "Code": "LA",
        "Name": "Laos"
    },
    {
        "Id": 130,
        "Code": "LV",
        "Name": "Latvia"
    },
    {
        "Id": 122,
        "Code": "LB",
        "Name": "Lebanon"
    },
    {
        "Id": 127,
        "Code": "LS",
        "Name": "Lesotho"
    },
    {
        "Id": 126,
        "Code": "LR",
        "Name": "Liberia"
    },
    {
        "Id": 131,
        "Code": "LY",
        "Name": "Libya"
    },
    {
        "Id": 124,
        "Code": "LI",
        "Name": "Liechtenstein"
    },
    {
        "Id": 128,
        "Code": "LT",
        "Name": "Lithuania"
    },
    {
        "Id": 129,
        "Code": "LU",
        "Name": "Luxembourg"
    },
    {
        "Id": 142,
        "Code": "MO",
        "Name": "Macao"
    },
    {
        "Id": 138,
        "Code": "MK",
        "Name": "Macedonia"
    },
    {
        "Id": 136,
        "Code": "MG",
        "Name": "Madagascar"
    },
    {
        "Id": 150,
        "Code": "MW",
        "Name": "Malawi"
    },
    {
        "Id": 152,
        "Code": "MY",
        "Name": "Malaysia"
    },
    {
        "Id": 149,
        "Code": "MV",
        "Name": "Maldives"
    },
    {
        "Id": 139,
        "Code": "ML",
        "Name": "Mali"
    },
    {
        "Id": 147,
        "Code": "MT",
        "Name": "Malta"
    },
    {
        "Id": 137,
        "Code": "MH",
        "Name": "Marshall Islands"
    },
    {
        "Id": 144,
        "Code": "MQ",
        "Name": "Martinique"
    },
    {
        "Id": 145,
        "Code": "MR",
        "Name": "Mauritania"
    },
    {
        "Id": 148,
        "Code": "MU",
        "Name": "Mauritius"
    },
    {
        "Id": 234,
        "Code": "YT",
        "Name": "Mayotte"
    },
    {
        "Id": 151,
        "Code": "MX",
        "Name": "Mexico"
    },
    {
        "Id": 70,
        "Code": "FM",
        "Name": "Micronesia"
    },
    {
        "Id": 134,
        "Code": "MD",
        "Name": "Moldova"
    },
    {
        "Id": 133,
        "Code": "MC",
        "Name": "Monaco"
    },
    {
        "Id": 141,
        "Code": "MN",
        "Name": "Mongolia"
    },
    {
        "Id": 135,
        "Code": "ME",
        "Name": "Montenegro"
    },
    {
        "Id": 146,
        "Code": "MS",
        "Name": "Montserrat"
    },
    {
        "Id": 132,
        "Code": "MA",
        "Name": "Morocco"
    },
    {
        "Id": 153,
        "Code": "MZ",
        "Name": "Mozambique"
    },
    {
        "Id": 140,
        "Code": "MM",
        "Name": "Myanmar (Burma)"
    },
    {
        "Id": 154,
        "Code": "NA",
        "Name": "Namibia"
    },
    {
        "Id": 163,
        "Code": "NR",
        "Name": "Nauru"
    },
    {
        "Id": 162,
        "Code": "NP",
        "Name": "Nepal"
    },
    {
        "Id": 160,
        "Code": "NL",
        "Name": "Netherlands"
    },
    {
        "Id": 8,
        "Code": "AN",
        "Name": "Netherlands Antilles"
    },
    {
        "Id": 155,
        "Code": "NC",
        "Name": "New Caledonia"
    },
    {
        "Id": 165,
        "Code": "NZ",
        "Name": "New Zealand"
    },
    {
        "Id": 159,
        "Code": "NI",
        "Name": "Nicaragua"
    },
    {
        "Id": 156,
        "Code": "NE",
        "Name": "Niger"
    },
    {
        "Id": 158,
        "Code": "NG",
        "Name": "Nigeria"
    },
    {
        "Id": 164,
        "Code": "NU",
        "Name": "Niue"
    },
    {
        "Id": 157,
        "Code": "NF",
        "Name": "Norfolk Island"
    },
    {
        "Id": 143,
        "Code": "MP",
        "Name": "Northern Mariana Islands"
    },
    {
        "Id": 161,
        "Code": "NO",
        "Name": "Norway"
    },
    {
        "Id": 166,
        "Code": "OM",
        "Name": "Oman"
    },
    {
        "Id": 172,
        "Code": "PK",
        "Name": "Pakistan"
    },
    {
        "Id": 178,
        "Code": "PW",
        "Name": "Palau"
    },
    {
        "Id": 246,
        "Code": "PS",
        "Name": "Palestinian Territories"
    },
    {
        "Id": 167,
        "Code": "PA",
        "Name": "Panama"
    },
    {
        "Id": 170,
        "Code": "PG",
        "Name": "Papua New Guinea"
    },
    {
        "Id": 179,
        "Code": "PY",
        "Name": "Paraguay"
    },
    {
        "Id": 168,
        "Code": "PE",
        "Name": "Peru"
    },
    {
        "Id": 171,
        "Code": "PH",
        "Name": "Philippines"
    },
    {
        "Id": 175,
        "Code": "PN",
        "Name": "Pitcairn Islands"
    },
    {
        "Id": 173,
        "Code": "PL",
        "Name": "Poland"
    },
    {
        "Id": 177,
        "Code": "PT",
        "Name": "Portugal"
    },
    {
        "Id": 176,
        "Code": "PR",
        "Name": "Puerto Rico"
    },
    {
        "Id": 180,
        "Code": "QA",
        "Name": "Qatar"
    },
    {
        "Id": 238,
        "Code": "RE",
        "Name": "Réunion"
    },
    {
        "Id": 181,
        "Code": "RO",
        "Name": "Romania"
    },
    {
        "Id": 183,
        "Code": "RU",
        "Name": "Russia"
    },
    {
        "Id": 184,
        "Code": "RW",
        "Name": "Rwanda"
    },
    {
        "Id": 191,
        "Code": "SH",
        "Name": "Saint Helena"
    },
    {
        "Id": 116,
        "Code": "KN",
        "Name": "Saint Kitts and Nevis"
    },
    {
        "Id": 123,
        "Code": "LC",
        "Name": "Saint Lucia"
    },
    {
        "Id": 247,
        "Code": "MF",
        "Name": "Saint Martin (French part)"
    },
    {
        "Id": 174,
        "Code": "PM",
        "Name": "Saint Pierre and Miquelon"
    },
    {
        "Id": 225,
        "Code": "VC",
        "Name": "Saint Vincent and the Grenadines"
    },
    {
        "Id": 231,
        "Code": "WS",
        "Name": "Samoa"
    },
    {
        "Id": 196,
        "Code": "SM",
        "Name": "San Marino"
    },
    {
        "Id": 200,
        "Code": "ST",
        "Name": "Sao Tome and Principe"
    },
    {
        "Id": 185,
        "Code": "SA",
        "Name": "Saudi Arabia"
    },
    {
        "Id": 197,
        "Code": "SN",
        "Name": "Senegal"
    },
    {
        "Id": 182,
        "Code": "RS",
        "Name": "Serbia"
    },
    {
        "Id": 187,
        "Code": "SC",
        "Name": "Seychelles"
    },
    {
        "Id": 195,
        "Code": "SL",
        "Name": "Sierra Leone"
    },
    {
        "Id": 190,
        "Code": "SG",
        "Name": "Singapore"
    },
    {
        "Id": 248,
        "Code": "SX",
        "Name": "Sint Maarten"
    },
    {
        "Id": 194,
        "Code": "SK",
        "Name": "Slovakia"
    },
    {
        "Id": 192,
        "Code": "SI",
        "Name": "Slovenia"
    },
    {
        "Id": 186,
        "Code": "SB",
        "Name": "Solomon Islands"
    },
    {
        "Id": 198,
        "Code": "SO",
        "Name": "Somalia"
    },
    {
        "Id": 235,
        "Code": "ZA",
        "Name": "South Africa"
    },
    {
        "Id": 87,
        "Code": "GS",
        "Name": "South Georgia & South Sandwich Islands"
    },
    {
        "Id": 249,
        "Code": "SS",
        "Name": "South Sudan"
    },
    {
        "Id": 65,
        "Code": "ES",
        "Name": "Spain"
    },
    {
        "Id": 125,
        "Code": "LK",
        "Name": "Sri Lanka"
    },
    {
        "Id": 251,
        "Code": "BL",
        "Name": "St. Barthélemy"
    },
    {
        "Id": 188,
        "Code": "SD",
        "Name": "Sudan"
    },
    {
        "Id": 199,
        "Code": "SR",
        "Name": "Suriname"
    },
    {
        "Id": 193,
        "Code": "SJ",
        "Name": "Svalbard"
    },
    {
        "Id": 203,
        "Code": "SZ",
        "Name": "Swaziland"
    },
    {
        "Id": 189,
        "Code": "SE",
        "Name": "Sweden"
    },
    {
        "Id": 42,
        "Code": "CH",
        "Name": "Switzerland"
    },
    {
        "Id": 202,
        "Code": "SY",
        "Name": "Syria"
    },
    {
        "Id": 217,
        "Code": "TW",
        "Name": "Taiwan"
    },
    {
        "Id": 208,
        "Code": "TJ",
        "Name": "Tajikistan"
    },
    {
        "Id": 218,
        "Code": "TZ",
        "Name": "Tanzania"
    },
    {
        "Id": 207,
        "Code": "TH",
        "Name": "Thailand"
    },
    {
        "Id": 210,
        "Code": "TL",
        "Name": "Timor-Leste (East Timor)"
    },
    {
        "Id": 206,
        "Code": "TG",
        "Name": "Togo"
    },
    {
        "Id": 209,
        "Code": "TK",
        "Name": "Tokelau"
    },
    {
        "Id": 213,
        "Code": "TO",
        "Name": "Tonga"
    },
    {
        "Id": 215,
        "Code": "TT",
        "Name": "Trinidad and Tobago"
    },
    {
        "Id": 250,
        "Code": "TA",
        "Name": "Tristan da Cunha"
    },
    {
        "Id": 212,
        "Code": "TN",
        "Name": "Tunisia"
    },
    {
        "Id": 214,
        "Code": "TR",
        "Name": "Turkey"
    },
    {
        "Id": 211,
        "Code": "TM",
        "Name": "Turkmenistan"
    },
    {
        "Id": 204,
        "Code": "TC",
        "Name": "Turks and Caicos Islands"
    },
    {
        "Id": 216,
        "Code": "TV",
        "Name": "Tuvalu"
    },
    {
        "Id": 252,
        "Code": "UM",
        "Name": "U.S. Outlying Islands"
    },
    {
        "Id": 220,
        "Code": "UG",
        "Name": "Uganda"
    },
    {
        "Id": 219,
        "Code": "UA",
        "Name": "Ukraine"
    },
    {
        "Id": 2,
        "Code": "AE",
        "Name": "United Arab Emirates"
    },
    {
        "Id": 74,
        "Code": "GB",
        "Name": "United Kingdom"
    },
    {
        "Id": 221,
        "Code": "US",
        "Name": "United States of America"
    },
    {
        "Id": 222,
        "Code": "UY",
        "Name": "Uruguay"
    },
    {
        "Id": 223,
        "Code": "UZ",
        "Name": "Uzbekistan"
    },
    {
        "Id": 229,
        "Code": "VU",
        "Name": "Vanuatu"
    },
    {
        "Id": 224,
        "Code": "VA",
        "Name": "Vatican City"
    },
    {
        "Id": 226,
        "Code": "VE",
        "Name": "Venezuela"
    },
    {
        "Id": 228,
        "Code": "VN",
        "Name": "Vietnam"
    },
    {
        "Id": 227,
        "Code": "VG",
        "Name": "Virgin Islands"
    },
    {
        "Id": 253,
        "Code": "VI",
        "Name": "Virgin Islands (US)"
    },
    {
        "Id": 230,
        "Code": "WF",
        "Name": "Wallis and Futuna"
    },
    {
        "Id": 243,
        "Code": "EH",
        "Name": "Western Sahara"
    },
    {
        "Id": 233,
        "Code": "YE",
        "Name": "Yemen"
    },
    {
        "Id": 236,
        "Code": "ZM",
        "Name": "Zambia"
    },
    {
        "Id": 237,
        "Code": "ZW",
        "Name": "Zimbabwe"
    }
]